column_name,null_rate
title,4.2026006533362976e-07
rank,0.0
date,0.0
artist,6.876982887277578e-07
region,0.0
chart,0.0
streams,0.22359012203932038
track_id,0.011624049557983835
release_date,0.011624049557983835
