{
  "config": {
    "ranker_n_trials": 50,
    "classifier_n_trials": 30,
    "regressor_n_trials": 30,
    "time_blocks": 5,
    "top_k": 5,
    "primary_precision_floor": 0.2
  },
  "feature_pruning": {
    "row_features_original": 103,
    "row_features_pruned": 101,
    "row_dropped": [
      "rank_andorra",
      "target_continent_antarctica"
    ],
    "track_features_original": 120,
    "track_features_pruned": 113,
    "track_dropped": [
      "rank_andorra",
      "rank_egypt",
      "rank_morocco",
      "rank_united_arab_emirates",
      "target_continent_antarctica",
      "target_continent_europe_max",
      "cultural_dist_missing_max"
    ]
  },
  "stage2_ranker": {
    "best_params": {
      "learning_rate": 0.03438586247938296,
      "max_depth": 11,
      "min_child_weight": 2.5081156860452323,
      "subsample": 0.8056937753654446,
      "colsample_bytree": 0.7962072844310213,
      "gamma": 0.23225206359998862,
      "reg_alpha": 0.1090747583515769,
      "reg_lambda": 0.24682044079890128
    },
    "best_cv_ndcg": 0.9445689904457429,
    "final_n_estimators": 711,
    "n_trials_completed": 24
  },
  "stage1_classifier": {
    "best_params": {
      "learning_rate": 0.04334437267484656,
      "max_depth": 8,
      "min_child_weight": 5.918214065158989,
      "scale_pos_weight": 5.55474209172425,
      "max_delta_step": 5,
      "subsample": 0.9316754076154603,
      "colsample_bytree": 0.5609573015198609,
      "reg_alpha": 0.028459272955920437,
      "reg_lambda": 0.5637592794071168
    },
    "best_cv_avg_precision": 0.8160527390981244,
    "calibration_method": "isotonic",
    "raw_brier_val": 0.8541266918182373,
    "calibrated_brier_val": 0.06220902130007744,
    "calibrated_brier_test": 0.06675281375646591,
    "threshold_map": {
      "0.2": 0.07692307978868484,
      "0.25": 0.09090909361839294
    }
  },
  "stage3_regressor": {
    "best_params": {
      "learning_rate": 0.020444234311898752,
      "max_depth": 9,
      "min_child_weight": 4.036726679140651,
      "subsample": 0.8562048371962279,
      "colsample_bytree": 0.9905216967889842,
      "reg_alpha": 0.009636960348402055,
      "reg_lambda": 7.8231030219623
    },
    "target_transform": "log1p",
    "best_cv_mae": 8.571508027273623,
    "final_n_estimators": 460
  },
  "baseline_logistic_regression": {
    "n_features": 101,
    "n_iterations": 27,
    "test_recall": 0.5811346759434001,
    "test_ndcg": 0.593874758490346,
    "test_hit_rate": 0.809666168410563
  },
  "data": {
    "row_train_rows": 272922,
    "row_val_rows": 1647221,
    "row_test_rows": 1535867,
    "track_train_tracks": 64093,
    "track_val_tracks": 25858,
    "track_test_tracks": 24047,
    "positive_train_rows": 45513,
    "positive_val_rows": 10419,
    "positive_test_rows": 10367
  },
  "pruned_row_feature_cols": [
    "rank_argentina",
    "rank_australia",
    "rank_austria",
    "rank_belgium",
    "rank_bolivia",
    "rank_brazil",
    "rank_bulgaria",
    "rank_canada",
    "rank_chile",
    "rank_colombia",
    "rank_costa_rica",
    "rank_czech_republic",
    "rank_denmark",
    "rank_dominican_republic",
    "rank_ecuador",
    "rank_egypt",
    "rank_el_salvador",
    "rank_estonia",
    "rank_finland",
    "rank_france",
    "rank_germany",
    "rank_greece",
    "rank_guatemala",
    "rank_honduras",
    "rank_hong_kong",
    "rank_hungary",
    "rank_iceland",
    "rank_india",
    "rank_indonesia",
    "rank_ireland",
    "rank_israel",
    "rank_italy",
    "rank_japan",
    "rank_latvia",
    "rank_lithuania",
    "rank_luxembourg",
    "rank_malaysia",
    "rank_mexico",
    "rank_morocco",
    "rank_netherlands",
    "rank_new_zealand",
    "rank_nicaragua",
    "rank_norway",
    "rank_panama",
    "rank_paraguay",
    "rank_peru",
    "rank_philippines",
    "rank_poland",
    "rank_portugal",
    "rank_romania",
    "rank_saudi_arabia",
    "rank_singapore",
    "rank_slovakia",
    "rank_south_africa",
    "rank_spain",
    "rank_sweden",
    "rank_switzerland",
    "rank_taiwan",
    "rank_thailand",
    "rank_turkey",
    "rank_united_arab_emirates",
    "rank_united_kingdom",
    "rank_united_states",
    "rank_uruguay",
    "rank_vietnam",
    "af_danceability",
    "af_energy",
    "af_valence",
    "af_tempo",
    "af_acousticness",
    "af_speechiness",
    "af_instrumentalness",
    "af_liveness",
    "duration_ms",
    "explicit",
    "days_since_release",
    "is_friday_release",
    "track_in_viral50_at_obs",
    "artist_prior_chart_count",
    "artist_prior_unique_regions",
    "artist_prior_best_rank",
    "artist_prior_unique_tracks",
    "multi_artist_flag",
    "artist_country_ratio",
    "artist_prior_success_in_target",
    "target_population",
    "target_avg_daily_streams",
    "target_new_entry_rate_30d",
    "target_continent_africa",
    "target_continent_asia",
    "target_continent_europe",
    "target_continent_north_america",
    "target_continent_oceania",
    "target_continent_south_america",
    "cultural_dist_min",
    "cultural_dist_missing",
    "same_language_flag",
    "same_continent_flag",
    "neighbor_entered_count",
    "observation_month",
    "observation_year"
  ],