{
  "config": {
    "ranker_n_trials": 50,
    "classifier_n_trials": 30,
    "regressor_n_trials": 30,
    "time_blocks": 5,
    "top_k": 5,
    "primary_precision_floor": 0.2
  },
  "feature_pruning": {
    "row_features_original": 104,
    "row_features_pruned": 102,
    "row_dropped": [
      "rank_andorra",
      "target_continent_antarctica"
    ],
    "track_features": 121
  },
  "stage2_ranker": {
    "best_params": {
      "learning_rate": 0.013943831099022032,
      "max_depth": 12,
      "min_child_weight": 3.773731856544762,
      "subsample": 0.8054548741291244,
      "colsample_bytree": 0.5001366308296893,
      "gamma": 0.6069361723990586,
      "reg_alpha": 0.3850425063007627,
      "reg_lambda": 1.201965393975696
    },
    "best_cv_ndcg": 0.9513115888309223,
    "final_n_estimators": 157,
    "n_trials_completed": 34
  },
  "stage1_classifier": {
    "best_params": {
      "learning_rate": 0.0417958487378691,
      "max_depth": 6,
      "min_child_weight": 2.0213721874313206,
      "scale_pos_weight": 0.984050482818764,
      "max_delta_step": 2,
      "subsample": 0.9236540120112356,
      "colsample_bytree": 0.8602197737269746,
      "reg_alpha": 0.0013762518295260368,
      "reg_lambda": 0.11494341091410153
    },
    "best_cv_avg_precision": 0.8503330857798632,
    "calibration_method": "isotonic",
    "raw_brier_val": 0.7372850179672241,
    "calibrated_brier_val": 0.060830824077129364,
    "calibrated_brier_test": 0.06743671745061874,
    "threshold_map": {
      "0.2": 0.08267716318368912,
      "0.25": 0.11338797956705093
    }
  },
  "stage3_regressor": {
    "best_params": {
      "learning_rate": 0.0662992795769941,
      "max_depth": 8,
      "min_child_weight": 2.47208704100295,
      "subsample": 0.8571389722362222,
      "colsample_bytree": 0.6601698676289585,
      "reg_alpha": 0.004545237612281544,
      "reg_lambda": 8.599443785737227
    },
    "target_transform": "log1p",
    "best_cv_mae": 8.47777920915771,
    "final_n_estimators": 222
  },
  "baseline_logistic_regression": {
    "n_features": 102,
    "n_iterations": 30,
    "test_recall": 0.601353589727208,
    "test_ndcg": 0.6220294561263137,
    "test_hit_rate": 0.8238045738045738
  },
  "baseline_linear_regression_timing": {
    "n_features": 102,
    "test_mae": 9.419042083999804,
    "test_pct_within_3_days": 0.2578936646974944,
    "test_pct_within_7_days": 0.520268893868405
  },
  "data": {
    "row_train_rows": 267809,
    "row_val_rows": 1486007,
    "row_test_rows": 1365875,
    "track_train_tracks": 63277,
    "track_val_tracks": 24887,
    "track_test_tracks": 22818,
    "positive_train_rows": 44776,
    "positive_val_rows": 9666,
    "positive_test_rows": 9818
  },
  "pruned_row_feature_cols": [
    "rank_argentina",
    "rank_australia",
    "rank_austria",
    "rank_belgium",
    "rank_bolivia",
    "rank_brazil",
    "rank_bulgaria",
    "rank_canada",
    "rank_chile",
    "rank_colombia",
    "rank_costa_rica",
    "rank_czech_republic",
    "rank_denmark",
    "rank_dominican_republic",
    "rank_ecuador",
    "rank_el_salvador",
    "rank_estonia",
    "rank_finland",
    "rank_france",
    "rank_germany",
    "rank_greece",
    "rank_guatemala",
    "rank_honduras",
    "rank_hong_kong",
    "rank_hungary",
    "rank_iceland",
    "rank_india",
    "rank_indonesia",
    "rank_ireland",
    "rank_israel",
    "rank_italy",
    "rank_japan",
    "rank_latvia",
    "rank_lithuania",
    "rank_malaysia",
    "rank_mexico",
    "rank_netherlands",
    "rank_new_zealand",
    "rank_nicaragua",
    "rank_norway",
    "rank_panama",
    "rank_paraguay",
    "rank_peru",
    "rank_philippines",
    "rank_poland",
    "rank_portugal",
    "rank_romania",
    "rank_singapore",
    "rank_slovakia",
    "rank_south_africa",
    "rank_spain",
    "rank_sweden",
    "rank_switzerland",
    "rank_taiwan",
    "rank_thailand",
    "rank_turkey",
    "rank_united_arab_emirates",
    "rank_united_kingdom",
    "rank_united_states",
    "rank_uruguay",
    "rank_vietnam",
    "af_danceability",
    "af_energy",
    "af_valence",
    "af_tempo",
    "af_acousticness",
    "af_speechiness",
    "af_instrumentalness",
    "af_liveness",
    "af_key",
    "af_loudness",
    "af_mode",
    "af_time_signature",
    "duration_ms",
    "explicit",
    "days_since_release",
    "is_friday_release",
    "track_in_viral50_at_obs",
    "artist_prior_chart_count",
    "artist_prior_unique_regions",
    "artist_prior_best_rank",
    "artist_prior_unique_tracks",
    "multi_artist_flag",
    "artist_country_ratio",
    "artist_prior_success_in_target",
    "target_population",
    "target_avg_daily_streams",
    "target_new_entry_rate_30d",
    "target_continent_africa",
    "target_continent_asia",
    "target_continent_europe",
    "target_continent_north_america",
    "target_continent_oceania",
    "target_continent_south_america",
    "cultural_dist_min",
    "cultural_dist_missing",
    "same_language_flag",
    "song_lang_matches_target",
    "same_continent_flag",
    "neighbor_entered_count",
    "observation_month",
    "observation_year"
  ],