{
  "config": {
    "ranker_n_trials": 50,
    "classifier_n_trials": 30,
    "regressor_n_trials": 30,
    "time_blocks": 5,
    "top_k": 5,
    "primary_precision_floor": 0.2
  },
  "feature_pruning": {
    "row_features_original": 103,
    "row_features_pruned": 101,
    "row_dropped": [
      "rank_andorra",
      "target_continent_antarctica"
    ],
    "track_features": 120
  },
  "stage2_ranker": {
    "best_params": {
      "learning_rate": 0.08714545570477486,
      "max_depth": 10,
      "min_child_weight": 1.6071907215860726,
      "subsample": 0.8696400924651735,
      "colsample_bytree": 0.8658783869861204,
      "gamma": 0.22125977821045953,
      "reg_alpha": 0.0995483487343053,
      "reg_lambda": 0.23111887215013308
    },
    "best_cv_ndcg": 0.9409007421956684,
    "final_n_estimators": 130,
    "n_trials_completed": 29
  },
  "stage1_classifier": {
    "best_params": {
      "learning_rate": 0.0417958487378691,
      "max_depth": 6,
      "min_child_weight": 2.0213721874313206,
      "scale_pos_weight": 0.984050482818764,
      "max_delta_step": 2,
      "subsample": 0.9236540120112356,
      "colsample_bytree": 0.8602197737269746,
      "reg_alpha": 0.0013762518295260368,
      "reg_lambda": 0.11494341091410153
    },
    "best_cv_avg_precision": 0.8168720468826436,
    "calibration_method": "isotonic",
    "raw_brier_val": 0.5005389451980591,
    "calibrated_brier_val": 0.06653036922216415,
    "calibrated_brier_test": 0.07126492261886597,
    "threshold_map": {
      "0.2": 0.1111111119389534,
      "0.25": 0.15918368101119995
    }
  },
  "stage3_regressor": {
    "best_params": {
      "learning_rate": 0.08001703061588814,
      "max_depth": 7,
      "min_child_weight": 4.781401468209002,
      "subsample": 0.9764563410891148,
      "colsample_bytree": 0.8412547965281139,
      "reg_alpha": 0.000924901806550109,
      "reg_lambda": 16.994915260405776
    },
    "target_transform": "log1p",
    "best_cv_mae": 8.569682765611775,
    "final_n_estimators": 204
  },
  "baseline_logistic_regression": {
    "n_features": 101,
    "n_iterations": 29,
    "test_recall": 0.5808526402938465,
    "test_ndcg": 0.5919238779096597,
    "test_hit_rate": 0.8091679123069258
  },
  "baseline_linear_regression_timing": {
    "n_features": 101,
    "test_mae": 9.65807351528741,
    "test_pct_within_3_days": 0.2418250217034822,
    "test_pct_within_7_days": 0.5043889264010804
  },
  "data": {
    "row_train_rows": 272262,
    "row_val_rows": 1647221,
    "row_test_rows": 1535867,
    "track_train_tracks": 63971,
    "track_val_tracks": 25858,
    "track_test_tracks": 24047,
    "positive_train_rows": 45513,
    "positive_val_rows": 10419,
    "positive_test_rows": 10367
  },
  "pruned_row_feature_cols": [
    "rank_argentina",
    "rank_australia",
    "rank_austria",
    "rank_belgium",
    "rank_bolivia",
    "rank_brazil",
    "rank_bulgaria",
    "rank_canada",
    "rank_chile",
    "rank_colombia",
    "rank_costa_rica",
    "rank_czech_republic",
    "rank_denmark",
    "rank_dominican_republic",
    "rank_ecuador",
    "rank_egypt",
    "rank_el_salvador",
    "rank_estonia",
    "rank_finland",
    "rank_france",
    "rank_germany",
    "rank_greece",
    "rank_guatemala",
    "rank_honduras",
    "rank_hong_kong",
    "rank_hungary",
    "rank_iceland",
    "rank_india",
    "rank_indonesia",
    "rank_ireland",
    "rank_israel",
    "rank_italy",
    "rank_japan",
    "rank_latvia",
    "rank_lithuania",
    "rank_luxembourg",
    "rank_malaysia",
    "rank_mexico",
    "rank_morocco",
    "rank_netherlands",
    "rank_new_zealand",
    "rank_nicaragua",
    "rank_norway",
    "rank_panama",
    "rank_paraguay",
    "rank_peru",
    "rank_philippines",
    "rank_poland",
    "rank_portugal",
    "rank_romania",
    "rank_saudi_arabia",
    "rank_singapore",
    "rank_slovakia",
    "rank_south_africa",
    "rank_spain",
    "rank_sweden",
    "rank_switzerland",
    "rank_taiwan",
    "rank_thailand",
    "rank_turkey",
    "rank_united_arab_emirates",
    "rank_united_kingdom",
    "rank_united_states",
    "rank_uruguay",
    "rank_vietnam",
    "af_danceability",
    "af_energy",
    "af_valence",
    "af_tempo",
    "af_acousticness",
    "af_speechiness",
    "af_instrumentalness",
    "af_liveness",
    "duration_ms",
    "explicit",
    "days_since_release",
    "is_friday_release",
    "track_in_viral50_at_obs",
    "artist_prior_chart_count",
    "artist_prior_unique_regions",
    "artist_prior_best_rank",
    "artist_prior_unique_tracks",
    "multi_artist_flag",
    "artist_country_ratio",
    "artist_prior_success_in_target",
    "target_population",
    "target_avg_daily_streams",
    "target_new_entry_rate_30d",
    "target_continent_africa",
    "target_continent_asia",
    "target_continent_europe",
    "target_continent_north_america",
    "target_continent_oceania",
    "target_continent_south_america",
    "cultural_dist_min",
    "cultural_dist_missing",
    "same_language_flag",
    "same_continent_flag",
    "neighbor_entered_count",
    "observation_month",
    "observation_year"
  ],