{
  "config": {
    "ranker_n_trials": 50,
    "classifier_n_trials": 30,
    "regressor_n_trials": 30,
    "time_blocks": 5,
    "top_k": 5,
    "primary_precision_floor": 0.2
  },
  "feature_pruning": {
    "row_features_original": 103,
    "row_features_pruned": 102,
    "row_dropped": [
      "rank_andorra",
      "target_continent_antarctica"
    ],
    "track_features": 120
  },
  "stage2_ranker": {
    "best_params": {
      "learning_rate": 0.04851275853864892,
      "max_depth": 12,
      "min_child_weight": 4.933027231178676,
      "subsample": 0.6379545037268429,
      "colsample_bytree": 0.5778727687984704,
      "gamma": 0.02729287688656523,
      "reg_alpha": 0.0035780359028404333,
      "reg_lambda": 0.2174419788742671
    },
    "best_cv_ndcg": 0.9482036798186759,
    "final_n_estimators": 131,
    "n_trials_completed": 36
  },
  "stage1_classifier": {
    "best_params": {
      "learning_rate": 0.04093129124863014,
      "max_depth": 8,
      "min_child_weight": 23.598258493546073,
      "scale_pos_weight": 6.571617017248747,
      "max_delta_step": 5,
      "subsample": 0.8124496121405842,
      "colsample_bytree": 0.70760330818165,
      "reg_alpha": 0.0009214539672161129,
      "reg_lambda": 3.582161725966495
    },
    "best_cv_avg_precision": 0.8509292922035305,
    "calibration_method": "isotonic",
    "raw_brier_val": 0.7881532907485962,
    "calibrated_brier_val": 0.06201358884572983,
    "calibrated_brier_test": 0.0678287073969841,
    "threshold_map": {
      "0.2": 0.07567567378282547,
      "0.25": 0.1305147111415863
    }
  },
  "stage3_regressor": {
    "best_params": {
      "learning_rate": 0.03326907316793427,
      "max_depth": 7,
      "min_child_weight": 1.307738191657251,
      "subsample": 0.9764563410891148,
      "colsample_bytree": 0.6472729212339874,
      "reg_alpha": 1.1676665991529218,
      "reg_lambda": 2.521360005074865
    },
    "target_transform": "log1p",
    "best_cv_mae": 8.302695376769046,
    "final_n_estimators": 445
  },
  "baseline_logistic_regression": {
    "n_features": 102,
    "n_iterations": 29,
    "test_recall": 0.6011023769759952,
    "test_ndcg": 0.6221926180178191,
    "test_hit_rate": 0.8243243243243243
  },
  "baseline_linear_regression_timing": {
    "n_features": 102,
    "test_mae": 9.434230251166266,
    "test_pct_within_3_days": 0.24821755958443675,
    "test_pct_within_7_days": 0.5200651863923406
  },
  "data": {
    "row_train_rows": 268033,
    "row_val_rows": 1486007,
    "row_test_rows": 1365875,
    "track_train_tracks": 63251,
    "track_val_tracks": 24887,
    "track_test_tracks": 22818,
    "positive_train_rows": 44776,
    "positive_val_rows": 9666,
    "positive_test_rows": 9818
  },
  "pruned_row_feature_cols": [
    "rank_argentina",
    "rank_australia",
    "rank_austria",
    "rank_belgium",
    "rank_bolivia",
    "rank_brazil",
    "rank_bulgaria",
    "rank_canada",
    "rank_chile",
    "rank_colombia",
    "rank_costa_rica",
    "rank_czech_republic",
    "rank_denmark",
    "rank_dominican_republic",
    "rank_ecuador",
    "rank_el_salvador",
    "rank_estonia",
    "rank_finland",
    "rank_france",
    "rank_germany",
    "rank_greece",
    "rank_guatemala",
    "rank_honduras",
    "rank_hong_kong",
    "rank_hungary",
    "rank_iceland",
    "rank_india",
    "rank_indonesia",
    "rank_ireland",
    "rank_israel",
    "rank_italy",
    "rank_japan",
    "rank_latvia",
    "rank_lithuania",
    "rank_malaysia",
    "rank_mexico",
    "rank_netherlands",
    "rank_new_zealand",
    "rank_nicaragua",
    "rank_norway",
    "rank_panama",
    "rank_paraguay",
    "rank_peru",
    "rank_philippines",
    "rank_poland",
    "rank_portugal",
    "rank_romania",
    "rank_singapore",
    "rank_slovakia",
    "rank_south_africa",
    "rank_spain",
    "rank_sweden",
    "rank_switzerland",
    "rank_taiwan",
    "rank_thailand",
    "rank_turkey",
    "rank_united_arab_emirates",
    "rank_united_kingdom",
    "rank_united_states",
    "rank_uruguay",
    "rank_vietnam",
    "af_danceability",
    "af_energy",
    "af_valence",
    "af_tempo",
    "af_acousticness",
    "af_speechiness",
    "af_instrumentalness",
    "af_liveness",
    "af_key",
    "af_loudness",
    "af_mode",
    "af_time_signature",
    "duration_ms",
    "explicit",
    "days_since_release",
    "is_friday_release",
    "track_in_viral50_at_obs",
    "artist_prior_chart_count",
    "artist_prior_unique_regions",
    "artist_prior_best_rank",
    "artist_prior_unique_tracks",
    "multi_artist_flag",
    "artist_country_ratio",
    "artist_prior_success_in_target",
    "target_population",
    "target_avg_daily_streams",
    "target_new_entry_rate_30d",
    "target_continent_africa",
    "target_continent_asia",
    "target_continent_europe",
    "target_continent_north_america",
    "target_continent_oceania",
    "target_continent_south_america",
    "cultural_dist_min",
    "cultural_dist_missing",
    "same_language_flag",
    "song_lang_matches_target",
    "same_continent_flag",
    "neighbor_entered_count",
    "observation_month",
    "observation_year"
  ],