{
  "config": {
    "ranker_n_trials": 50,
    "classifier_n_trials": 30,
    "regressor_n_trials": 30,
    "time_blocks": 5,
    "top_k": 5,
    "primary_precision_floor": 0.2
  },
  "stage1": {
    "best_params": {
      "learning_rate": 0.0417958487378691,
      "max_depth": 6,
      "min_child_weight": 2.0213721874313206,
      "scale_pos_weight": 0.984050482818764,
      "max_delta_step": 2,
      "subsample": 0.9236540120112356,
      "colsample_bytree": 0.8602197737269746,
      "reg_alpha": 0.0013762518295260368,
      "reg_lambda": 0.11494341091410153
    },
    "best_cv_avg_precision": 0.8168720468826436,
    "calibration_method": "isotonic",
    "raw_brier_val": 0.5005389451980591,
    "calibrated_brier_val": 0.06653036922216415,
    "calibrated_brier_test": 0.07126492261886597,
    "threshold_map": {
      "0.2": 0.1111111119389534,
      "0.25": 0.15918368101119995
    }
  },
  "stage2": {
    "best_params": {
      "learning_rate": 0.08714545570477486,
      "max_depth": 10,
      "min_child_weight": 1.6071907215860726,
      "subsample": 0.8696400924651735,
      "colsample_bytree": 0.8658783869861204,
      "gamma": 0.22125977821045953,
      "reg_alpha": 0.0995483487343053,
      "reg_lambda": 0.23111887215013308
    },
    "best_cv_ndcg": 0.9409007421956684,
    "final_n_estimators": 130,
    "n_trials_completed": 29
  },
  "stage3": {
    "best_params": {
      "learning_rate": 0.08001703061588814,
      "max_depth": 7,
      "min_child_weight": 4.781401468209002,
      "subsample": 0.9764563410891148,
      "colsample_bytree": 0.8412547965281139,
      "reg_alpha": 0.000924901806550109,
      "reg_lambda": 16.994915260405776
    },
    "target_transform": "log1p",
    "best_cv_mae": 8.569682765611775,
    "final_n_estimators": 204
  },
  "standalone_test_results": {
    "binary": {
      "roc_auc": 0.8638107026692651,
      "average_precision": 0.05483795782293686,
      "log_loss": 0.3501872968927679
    },
    "candidate_stats": {
      "tracks": 24047,
      "positive_tracks": 2007,
      "avg_candidates_per_track": 63.86938079594128,
      "avg_future_countries_per_track": 0.4311140682829459,
      "avg_future_countries_per_positive_track": 5.165421026407573
    },
    "ranking_all_tracks": {
      "tracks": 24047,
      "positive_tracks": 2007,
      "precision@5": 0.030531875077972306,
      "recall@5": 0.6627647490988234,
      "hit_rate@5": 0.8729446935724963,
      "ndcg@5": 0.7188872424202845,
      "map@5": 0.667207274539113,
      "mean_future_countries_per_track": 0.4311140682829459
    },
    "ranking_positive_tracks": {
      "tracks": 2007,
      "avg_future_countries_per_positive_track": 5.165421026407573,
      "avg_top_5_hits_per_positive_track": 1.8290981564524165,
      "recall@5": 0.6627647490988234,
      "hit_rate@5": 0.8729446935724963,
      "ndcg@5": 0.7188872424202845,
      "map@5": 0.667207274539113
    }
  },
  "pipeline_summary_rows": [
    {
      "split": "test",
      "precision_floor": NaN,
      "gate": "none (recommended)",
      "tracks": 24047,
      "positive_tracks": 2007,
      "flagged_tracks": 24047,
      "precision@5": 0.030531875077972306,
      "recall@5": 0.6627647490988234,
      "hit_rate@5": 0.8729446935724963,
      "ndcg@5": 0.7188872424202845,
      "map@5": 0.667207274539113,
      "days_mae": 6.857521618603499,
      "days_rmse": 12.069385556331842,
      "days_median_ae": 3.0527668754711383,
      "days_pct_within_3_days": 0.49550531190411334,
      "days_pct_within_7_days": 0.7357668210296922,
      "days_evaluated_rows": 3671
    },
    {
      "split": "test",
      "precision_floor": 0.2,
      "gate": "pfloor=0.2",
      "tracks": 24047,
      "positive_tracks": 2007,
      "flagged_tracks": 6407,
      "precision@5": 0.020210421258369027,
      "recall@5": 0.3670593492923707,
      "hit_rate@5": 0.5186846038863976,
      "ndcg@5": 0.4161219272135635,
      "map@5": 0.38180770082489063,
      "days_mae": 6.105009944663631,
      "days_rmse": 11.429753482792673,
      "days_median_ae": 2.4710352919687066,
      "days_pct_within_3_days": 0.5526748971193416,
      "days_pct_within_7_days": 0.782716049382716,
      "days_evaluated_rows": 2430
    },
    {
      "split": "test",
      "precision_floor": 0.25,
      "gate": "pfloor=0.25",
      "tracks": 24047,
      "positive_tracks": 2007,
      "flagged_tracks": 3944,
      "precision@5": 0.015511290389653595,
      "recall@5": 0.25762129522204047,
      "hit_rate@5": 0.38714499252615847,
      "ndcg@5": 0.30013217301225714,
      "map@5": 0.2716259757515363,
      "days_mae": 5.990660458770121,
      "days_rmse": 11.319220413072903,
      "days_median_ae": 2.4384239360203317,
      "days_pct_within_3_days": 0.560857908847185,
      "days_pct_within_7_days": 0.7833780160857908,
      "days_evaluated_rows": 1865
    },
    {
      "split": "validation",
      "precision_floor": NaN,
      "gate": "none (recommended)",
      "tracks": 25858,
      "positive_tracks": 2104,
      "flagged_tracks": 25858,
      "precision@5": 0.028517286719777244,
      "recall@5": 0.6440620964809992,
      "hit_rate@5": 0.8602661596958175,
      "ndcg@5": 0.6781728916507608,
      "map@5": 0.6168386934938741,
      "days_mae": 6.774318131818775,
      "days_rmse": 12.274773904305432,
      "days_median_ae": 2.679595054280807,
      "days_pct_within_3_days": 0.532953620829943,
      "days_pct_within_7_days": 0.752915649579604,
      "days_evaluated_rows": 3687
    },
    {
      "split": "validation",
      "precision_floor": 0.2,
      "gate": "pfloor=0.2",
      "tracks": 25858,
      "positive_tracks": 2104,
      "flagged_tracks": 6978,
      "precision@5": 0.021579395158171553,
      "recall@5": 0.4180735739694123,
      "hit_rate@5": 0.5874524714828897,
      "ndcg@5": 0.4613201125332257,
      "map@5": 0.41824738593155897,
      "days_mae": 6.355727801124002,
      "days_rmse": 11.886531400678216,
      "days_median_ae": 2.425040396204549,
      "days_pct_within_3_days": 0.5645161290322581,
      "days_pct_within_7_days": 0.7709677419354839,
      "days_evaluated_rows": 2790
    },
    {
      "split": "validation",
      "precision_floor": 0.25,
      "gate": "pfloor=0.25",
      "tracks": 25858,
      "positive_tracks": 2104,
      "flagged_tracks": 4391,
      "precision@5": 0.017348596179132182,
      "recall@5": 0.2940128029155232,
      "hit_rate@5": 0.44249049429657794,
      "ndcg@5": 0.3387578434784022,
      "map@5": 0.3036182403886777,
      "days_mae": 6.025334158154618,
      "days_rmse": 11.339312032517181,
      "days_median_ae": 2.3161625124430327,
      "days_pct_within_3_days": 0.5769059295586269,
      "days_pct_within_7_days": 0.7810967454302273,
      "days_evaluated_rows": 2243
    }
  ],
  "ablation": [
    {
      "configuration": "no_gate (standalone ranker)",
      "recall@5": 0.6627647490988234,
      "ndcg@5": 0.7188872424202845,
      "hit_rate@5": 0.8729446935724963,
      "tracks_scored": 24047,
      "rows_to_rank": 1535867,
      "recall_cost_vs_no_gate": 0.0
    },
    {
      "configuration": "gate (pfloor=0.20, threshold=0.111)",
      "recall@5": 0.3670593492923707,
      "ndcg@5": 0.41612192721356356,
      "hit_rate@5": 0.5186846038863976,
      "tracks_scored": 6407,
      "rows_to_rank": 416455,
      "recall_cost_vs_no_gate": 0.2957053998064527
    },
    {
      "configuration": "gate (pfloor=0.25, threshold=0.159)",
      "recall@5": 0.25762129522204047,
      "ndcg@5": 0.3001321730122571,
      "hit_rate@5": 0.38714499252615847,
      "tracks_scored": 3944,
      "rows_to_rank": 256360,
      "recall_cost_vs_no_gate": 0.40514345387678297
    }
  ],
  "bootstrap_ci": [
    {
      "metric": "recall@5",
      "mean": 0.6626748321029613,
      "ci_lower": 0.6440943779947533,
      "ci_upper": 0.680142589720019
    },
    {
      "metric": "ndcg@5",
      "mean": 0.7191411847136417,
      "ci_lower": 0.7034370484789985,
      "ci_upper": 0.7354990284580537
    },
    {
      "metric": "map@5",