{
  "config": {
    "ranker_n_trials": 50,
    "classifier_n_trials": 30,
    "regressor_n_trials": 30,
    "time_blocks": 5,
    "top_k": 5,
    "primary_precision_floor": 0.2
  },
  "stage1": {
    "best_params": {
      "learning_rate": 0.0417958487378691,
      "max_depth": 6,
      "min_child_weight": 2.0213721874313206,
      "scale_pos_weight": 0.984050482818764,
      "max_delta_step": 2,
      "subsample": 0.9236540120112356,
      "colsample_bytree": 0.8602197737269746,
      "reg_alpha": 0.0013762518295260368,
      "reg_lambda": 0.11494341091410153
    },
    "best_cv_avg_precision": 0.8503330857798632,
    "calibration_method": "isotonic",
    "raw_brier_val": 0.7374014854431152,
    "calibrated_brier_val": 0.06098615378141403,
    "calibrated_brier_test": 0.06731592863798141,
    "threshold_map": {
      "0.2": 0.08498023450374603,
      "0.25": 0.1489361673593521
    }
  },
  "stage2": {
    "best_params": {
      "learning_rate": 0.013943831099022032,
      "max_depth": 12,
      "min_child_weight": 3.773731856544762,
      "subsample": 0.8054548741291244,
      "colsample_bytree": 0.5001366308296893,
      "gamma": 0.6069361723990586,
      "reg_alpha": 0.3850425063007627,
      "reg_lambda": 1.201965393975696
    },
    "best_cv_ndcg": 0.9513115888309223,
    "final_n_estimators": 157,
    "n_trials_completed": 34
  },
  "stage3": {
    "best_params": {
      "learning_rate": 0.0662992795769941,
      "max_depth": 8,
      "min_child_weight": 2.47208704100295,
      "subsample": 0.8571389722362222,
      "colsample_bytree": 0.6601698676289585,
      "reg_alpha": 0.004545237612281544,
      "reg_lambda": 8.599443785737227
    },
    "target_transform": "log1p",
    "best_cv_mae": 8.47777920915771,
    "final_n_estimators": 222
  },
  "standalone_test_results": {
    "binary": {
      "roc_auc": 0.8688489710012609,
      "average_precision": 0.057961160931999614,
      "log_loss": 0.26787918353344203
    },
    "candidate_stats": {
      "tracks": 22818,
      "positive_tracks": 1924,
      "avg_candidates_per_track": 59.85954071347182,
      "avg_future_countries_per_track": 0.43027434481549653,
      "avg_future_countries_per_positive_track": 5.102910602910603
    },
    "ranking_all_tracks": {
      "tracks": 22818,
      "positive_tracks": 1924,
      "precision@5": 0.030809010430361994,
      "recall@5": 0.6695383780868435,
      "hit_rate@5": 0.8778586278586279,
      "ndcg@5": 0.7253936660054927,
      "map@5": 0.6749621737121737,
      "mean_future_countries_per_track": 0.43027434481549653
    },
    "ranking_positive_tracks": {
      "tracks": 1924,
      "avg_future_countries_per_positive_track": 5.102910602910603,
      "avg_top_5_hits_per_positive_track": 1.8269230769230769,
      "recall@5": 0.6695383780868435,
      "hit_rate@5": 0.8778586278586279,
      "ndcg@5": 0.7253936660054927,
      "map@5": 0.6749621737121737
    }
  },
  "pipeline_summary_rows": [
    {
      "split": "test",
      "precision_floor": NaN,
      "gate": "none (recommended)",
      "tracks": 22818,
      "positive_tracks": 1924,
      "flagged_tracks": 22818,
      "precision@5": 0.030809010430361994,
      "recall@5": 0.6695383780868435,
      "hit_rate@5": 0.8778586278586279,
      "ndcg@5": 0.7253936660054927,
      "map@5": 0.6749621737121737,
      "days_mae": 6.596266399735149,
      "days_rmse": 11.729705702110897,
      "days_median_ae": 2.966933027523347,
      "days_pct_within_3_days": 0.5038406827880512,
      "days_pct_within_7_days": 0.7536273115220483,
      "days_evaluated_rows": 3515
    },
    {
      "split": "test",
      "precision_floor": 0.2,
      "gate": "pfloor=0.2",
      "tracks": 22818,
      "positive_tracks": 1924,
      "flagged_tracks": 6844,
      "precision@5": 0.02472609343500745,
      "recall@5": 0.4856253061080144,
      "hit_rate@5": 0.66008316008316,
      "ndcg@5": 0.542522665131827,
      "map@5": 0.5037358512358512,
      "days_mae": 6.218381263842314,
      "days_rmse": 11.338113568757441,
      "days_median_ae": 2.7123890904035726,
      "days_pct_within_3_days": 0.521446295639844,
      "days_pct_within_7_days": 0.7756114852889047,
      "days_evaluated_rows": 2821
    },
    {
      "split": "test",
      "precision_floor": 0.25,
      "gate": "pfloor=0.25",
      "tracks": 22818,
      "positive_tracks": 1924,
      "flagged_tracks": 4374,
      "precision@5": 0.02043123849592427,
      "recall@5": 0.3692977018207308,
      "hit_rate@5": 0.5233887733887734,
      "ndcg@5": 0.42305751131560027,
      "map@5": 0.39015924578424577,
      "days_mae": 5.846510391009912,
      "days_rmse": 10.887898557728674,
      "days_median_ae": 2.6014961131972876,
      "days_pct_within_3_days": 0.5371085371085371,
      "days_pct_within_7_days": 0.7923637923637924,
      "days_evaluated_rows": 2331
    },
    {
      "split": "validation",
      "precision_floor": NaN,
      "gate": "none (recommended)",
      "tracks": 24887,
      "positive_tracks": 2003,
      "flagged_tracks": 24887,
      "precision@5": 0.02890665809458754,
      "recall@5": 0.6577735355728008,
      "hit_rate@5": 0.8637044433349975,
      "ndcg@5": 0.6994281900314789,
      "map@5": 0.6437123481444501,
      "days_mae": 6.853401758273966,
      "days_rmse": 12.425807403089681,
      "days_median_ae": 2.7577725098274852,
      "days_pct_within_3_days": 0.526827912149013,
      "days_pct_within_7_days": 0.7536836252432583,
      "days_evaluated_rows": 3597
    },
    {
      "split": "validation",
      "precision_floor": 0.2,
      "gate": "pfloor=0.2",
      "tracks": 24887,
      "positive_tracks": 2003,
      "flagged_tracks": 7413,
      "precision@5": 0.024342025957327117,
      "recall@5": 0.5017813920116142,
      "hit_rate@5": 0.6839740389415876,
      "ndcg@5": 0.5486753659973149,
      "map@5": 0.5026972041937094,
      "days_mae": 6.563524217324835,
      "days_rmse": 12.121682166733004,
      "days_median_ae": 2.5742787787909744,
      "days_pct_within_3_days": 0.5463849455265765,
      "days_pct_within_7_days": 0.7655992076592935,
      "days_evaluated_rows": 3029
    },
    {
      "split": "validation",
      "precision_floor": 0.25,
      "gate": "pfloor=0.25",
      "tracks": 24887,
      "positive_tracks": 2003,
      "flagged_tracks": 4725,
      "precision@5": 0.02111142363482943,
      "recall@5": 0.40315580931987205,
      "hit_rate@5": 0.5671492760858712,
      "ndcg@5": 0.4499651951100271,
      "map@5": 0.4103551617018916,
      "days_mae": 6.0820334950767965,
      "days_rmse": 11.421034113455931,
      "days_median_ae": 2.3291573556568608,
      "days_pct_within_3_days": 0.572516178149981,
      "days_pct_within_7_days": 0.7834031214312904,
      "days_evaluated_rows": 2627
    }
  ],
  "ablation": [
    {
      "configuration": "no_gate (standalone ranker)",
      "recall@5": 0.6695383780868435,
      "ndcg@5": 0.7253936660054927,
      "hit_rate@5": 0.8778586278586279,
      "tracks_scored": 22818,
      "rows_to_rank": 1365875,
      "recall_cost_vs_no_gate": 0.0
    },
    {
      "configuration": "gate (pfloor=0.20, threshold=0.085)",
      "recall@5": 0.4856253061080144,
      "ndcg@5": 0.542522665131827,
      "hit_rate@5": 0.66008316008316,
      "tracks_scored": 6844,
      "rows_to_rank": 444860,
      "recall_cost_vs_no_gate": 0.18391307197882906
    },
    {
      "configuration": "gate (pfloor=0.25, threshold=0.149)",
      "recall@5": 0.3692977018207308,
      "ndcg@5": 0.4230575113156003,
      "hit_rate@5": 0.5233887733887734,
      "tracks_scored": 4374,
      "rows_to_rank": 284310,
      "recall_cost_vs_no_gate": 0.30024067626611267
    }
  ],
  "bootstrap_ci": [
    {
      "metric": "recall@5",
      "mean": 0.6696525842927601,
      "ci_lower": 0.6522713402050441,
      "ci_upper": 0.6874260831840209
    },
    {
      "metric": "ndcg@5",
      "mean": 0.7254808943873287,
      "ci_lower": 0.7101945281857459,
      "ci_upper": 0.7413600390495143
    },
    {
      "metric": "map@5",