{
  "config": {
    "ranker_n_trials": 50,
    "classifier_n_trials": 30,
    "regressor_n_trials": 30,
    "time_blocks": 5,
    "top_k": 5,
    "primary_precision_floor": 0.2
  },
  "stage1": {
    "best_params": {
      "learning_rate": 0.04093129124863014,
      "max_depth": 8,
      "min_child_weight": 23.598258493546073,
      "scale_pos_weight": 6.571617017248747,
      "max_delta_step": 5,
      "subsample": 0.8124496121405842,
      "colsample_bytree": 0.70760330818165,
      "reg_alpha": 0.0009214539672161129,
      "reg_lambda": 3.582161725966495
    },
    "best_cv_avg_precision": 0.8509292922035305,
    "calibration_method": "isotonic",
    "raw_brier_val": 0.7881532907485962,
    "calibrated_brier_val": 0.06201358884572983,
    "calibrated_brier_test": 0.0678287073969841,
    "threshold_map": {
      "0.2": 0.07567567378282547,
      "0.25": 0.1305147111415863
    }
  },
  "stage2": {
    "best_params": {
      "learning_rate": 0.04851275853864892,
      "max_depth": 12,
      "min_child_weight": 4.933027231178676,
      "subsample": 0.6379545037268429,
      "colsample_bytree": 0.5778727687984704,
      "gamma": 0.02729287688656523,
      "reg_alpha": 0.0035780359028404333,
      "reg_lambda": 0.2174419788742671
    },
    "best_cv_ndcg": 0.9482036798186759,
    "final_n_estimators": 131,
    "n_trials_completed": 36
  },
  "stage3": {
    "best_params": {
      "learning_rate": 0.03326907316793427,
      "max_depth": 7,
      "min_child_weight": 1.307738191657251,
      "subsample": 0.9764563410891148,
      "colsample_bytree": 0.6472729212339874,
      "reg_alpha": 1.1676665991529218,
      "reg_lambda": 2.521360005074865
    },
    "target_transform": "log1p",
    "best_cv_mae": 8.302695376769046,
    "final_n_estimators": 445
  },
  "standalone_test_results": {
    "binary": {
      "roc_auc": 0.8677714887360616,
      "average_precision": 0.05720197272143493,
      "log_loss": 0.3126795781223419
    },
    "candidate_stats": {
      "tracks": 22818,
      "positive_tracks": 1924,
      "avg_candidates_per_track": 59.85954071347182,
      "avg_future_countries_per_track": 0.43027434481549653,
      "avg_future_countries_per_positive_track": 5.102910602910603
    },
    "ranking_all_tracks": {
      "tracks": 22818,
      "positive_tracks": 1924,
      "precision@5": 0.031028135682356035,
      "recall@5": 0.6704842021271477,
      "hit_rate@5": 0.8783783783783784,
      "ndcg@5": 0.7267629336960185,
      "map@5": 0.6764397089397088,
      "mean_future_countries_per_track": 0.43027434481549653
    },
    "ranking_positive_tracks": {
      "tracks": 1924,
      "avg_future_countries_per_positive_track": 5.102910602910603,
      "avg_top_5_hits_per_positive_track": 1.83991683991684,
      "recall@5": 0.6704842021271477,
      "hit_rate@5": 0.8783783783783784,
      "ndcg@5": 0.7267629336960185,
      "map@5": 0.6764397089397088
    }
  },
  "pipeline_summary_rows": [
    {
      "split": "test",
      "precision_floor": NaN,
      "gate": "none (recommended)",
      "tracks": 22818,
      "positive_tracks": 1924,
      "flagged_tracks": 22818,
      "precision@5": 0.031028135682356035,
      "recall@5": 0.6704842021271477,
      "hit_rate@5": 0.8783783783783784,
      "ndcg@5": 0.7267629336960185,
      "map@5": 0.6764397089397088,
      "days_mae": 6.541373750439659,
      "days_rmse": 11.754820674347258,
      "days_median_ae": 2.7191130272818738,
      "days_pct_within_3_days": 0.5316384180790961,
      "days_pct_within_7_days": 0.7471751412429378,
      "days_evaluated_rows": 3540
    },
    {
      "split": "test",
      "precision_floor": 0.2,
      "gate": "pfloor=0.2",
      "tracks": 22818,
      "positive_tracks": 1924,
      "flagged_tracks": 6438,
      "precision@5": 0.02441055307213603,
      "recall@5": 0.4624222623633172,
      "hit_rate@5": 0.6346153846153846,
      "ndcg@5": 0.5208310704336018,
      "map@5": 0.48291536729036727,
      "days_mae": 5.961522431191399,
      "days_rmse": 11.171959387077976,
      "days_median_ae": 2.355510154778409,
      "days_pct_within_3_days": 0.5655296229802513,
      "days_pct_within_7_days": 0.7788150807899461,
      "days_evaluated_rows": 2785
    },
    {
      "split": "test",
      "precision_floor": 0.25,
      "gate": "pfloor=0.25",
      "tracks": 22818,
      "positive_tracks": 1924,
      "flagged_tracks": 5046,
      "precision@5": 0.02216671049171707,
      "recall@5": 0.39787325256179445,
      "hit_rate@5": 0.5587318087318087,
      "ndcg@5": 0.4536742062554228,
      "map@5": 0.41883936821436824,
      "days_mae": 5.755338972551689,
      "days_rmse": 11.016479563094482,
      "days_median_ae": 2.2228125967025596,
      "days_pct_within_3_days": 0.5792803479636219,
      "days_pct_within_7_days": 0.7920126532226176,
      "days_evaluated_rows": 2529
    },
    {
      "split": "validation",
      "precision_floor": NaN,
      "gate": "none (recommended)",
      "tracks": 24887,
      "positive_tracks": 2003,
      "flagged_tracks": 24887,
      "precision@5": 0.028729858962510547,
      "recall@5": 0.654836311269917,
      "hit_rate@5": 0.8632051922116825,
      "ndcg@5": 0.6960012582135015,
      "map@5": 0.6401342430798247,
      "days_mae": 6.801487410796195,
      "days_rmse": 12.445562854347113,
      "days_median_ae": 2.548145130579561,
      "days_pct_within_3_days": 0.5420979020979021,
      "days_pct_within_7_days": 0.7465734265734266,
      "days_evaluated_rows": 3575
    },
    {
      "split": "validation",
      "precision_floor": 0.2,
      "gate": "pfloor=0.2",
      "tracks": 24887,
      "positive_tracks": 2003,
      "flagged_tracks": 6970,
      "precision@5": 0.02402860931409973,
      "recall@5": 0.5004780498064269,
      "hit_rate@5": 0.6784822765851223,
      "ndcg@5": 0.5443387077876195,
      "map@5": 0.4989607255782992,
      "days_mae": 6.339078127343215,
      "days_rmse": 11.893364130176098,
      "days_median_ae": 2.3385250886803126,
      "days_pct_within_3_days": 0.5682274247491639,
      "days_pct_within_7_days": 0.7638795986622073,
      "days_evaluated_rows": 2990
    },
    {
      "split": "validation",
      "precision_floor": 0.25,
      "gate": "pfloor=0.25",
      "tracks": 24887,
      "positive_tracks": 2003,
      "flagged_tracks": 5358,
      "precision@5": 0.022035600916140957,
      "recall@5": 0.4321325051948605,
      "hit_rate@5": 0.600599101347978,
      "ndcg@5": 0.47700921767078697,
      "map@5": 0.4353654240860931,
      "days_mae": 6.0194699757086525,
      "days_rmse": 11.481441073414215,
      "days_median_ae": 2.2086466054479565,
      "days_pct_within_3_days": 0.5820568927789934,
      "days_pct_within_7_days": 0.7782640408460978,
      "days_evaluated_rows": 2742
    }
  ],
  "ablation": [
    {
      "configuration": "no_gate (standalone ranker)",
      "recall@5": 0.6704842021271477,
      "ndcg@5": 0.7267629336960185,
      "hit_rate@5": 0.8783783783783784,
      "tracks_scored": 22818,
      "rows_to_rank": 1365875,
      "recall_cost_vs_no_gate": 0.0
    },
    {
      "configuration": "gate (pfloor=0.20, threshold=0.076)",
      "recall@5": 0.4624222623633172,
      "ndcg@5": 0.5208310704336018,
      "hit_rate@5": 0.6346153846153846,
      "tracks_scored": 6438,
      "rows_to_rank": 418470,
      "recall_cost_vs_no_gate": 0.20806193976383047
    },
    {
      "configuration": "gate (pfloor=0.25, threshold=0.131)",
      "recall@5": 0.3978732525617945,
      "ndcg@5": 0.45367420625542276,
      "hit_rate@5": 0.5587318087318087,
      "tracks_scored": 5046,
      "rows_to_rank": 327990,
      "recall_cost_vs_no_gate": 0.27261094956535314
    }
  ],
  "bootstrap_ci": [
    {
      "metric": "recall@5",
      "mean": 0.6705584269459943,
      "ci_lower": 0.6537240239173387,
      "ci_upper": 0.6879712560850095
    },
    {
      "metric": "ndcg@5",
      "mean": 0.7269121055950521,
      "ci_lower": 0.7125164608944037,
      "ci_upper": 0.7428937473490184
    },
    {
      "metric": "map@5",