{
  "config": {
    "ranker_n_trials": 50,
    "classifier_n_trials": 30,
    "regressor_n_trials": 30,
    "time_blocks": 5,
    "top_k": 5,
    "primary_precision_floor": 0.2
  },
  "stage1": {
    "best_params": {
      "learning_rate": 0.0417958487378691,
      "max_depth": 6,
      "min_child_weight": 2.0213721874313206,
      "scale_pos_weight": 0.984050482818764,
      "max_delta_step": 2,
      "subsample": 0.9236540120112356,
      "colsample_bytree": 0.8602197737269746,
      "reg_alpha": 0.0013762518295260368,
      "reg_lambda": 0.11494341091410153
    },
    "best_cv_avg_precision": 0.8503330857798632,
    "calibration_method": "isotonic",
    "raw_brier_val": 0.7372770309448242,
    "calibrated_brier_val": 0.06103236973285675,
    "calibrated_brier_test": 0.06759166717529297,
    "threshold_map": {
      "0.2": 0.08206687122583389,
      "0.25": 0.1111111119389534
    }
  },
  "stage2": {
    "best_params": {
      "learning_rate": 0.013943831099022032,
      "max_depth": 12,
      "min_child_weight": 3.773731856544762,
      "subsample": 0.8054548741291244,
      "colsample_bytree": 0.5001366308296893,
      "gamma": 0.6069361723990586,
      "reg_alpha": 0.3850425063007627,
      "reg_lambda": 1.201965393975696
    },
    "best_cv_ndcg": 0.9513115888309223,
    "final_n_estimators": 157,
    "n_trials_completed": 34
  },
  "stage3": {
    "best_params": {
      "learning_rate": 0.0662992795769941,
      "max_depth": 8,
      "min_child_weight": 2.47208704100295,
      "subsample": 0.8571389722362222,
      "colsample_bytree": 0.6601698676289585,
      "reg_alpha": 0.004545237612281544,
      "reg_lambda": 8.599443785737227
    },
    "target_transform": "log1p",
    "best_cv_mae": 8.47777920915771,
    "final_n_estimators": 222
  },
  "standalone_test_results": {
    "binary": {
      "roc_auc": 0.8688489710012609,
      "average_precision": 0.057961160931999614,
      "log_loss": 0.26787918353344203
    },
    "candidate_stats": {
      "tracks": 22818,
      "positive_tracks": 1924,
      "avg_candidates_per_track": 59.85954071347182,
      "avg_future_countries_per_track": 0.43027434481549653,
      "avg_future_countries_per_positive_track": 5.102910602910603
    },
    "ranking_all_tracks": {
      "tracks": 22818,
      "positive_tracks": 1924,
      "precision@5": 0.030809010430361994,
      "recall@5": 0.6695383780868435,
      "hit_rate@5": 0.8778586278586279,
      "ndcg@5": 0.7253936660054927,
      "map@5": 0.6749621737121737,
      "mean_future_countries_per_track": 0.43027434481549653
    },
    "ranking_positive_tracks": {
      "tracks": 1924,
      "avg_future_countries_per_positive_track": 5.102910602910603,
      "avg_top_5_hits_per_positive_track": 1.8269230769230769,
      "recall@5": 0.6695383780868435,
      "hit_rate@5": 0.8778586278586279,
      "ndcg@5": 0.7253936660054927,
      "map@5": 0.6749621737121737
    }
  },
  "pipeline_summary_rows": [
    {
      "split": "test",
      "precision_floor": NaN,
      "gate": "none (recommended)",
      "tracks": 22818,
      "positive_tracks": 1924,
      "flagged_tracks": 22818,
      "precision@5": 0.030809010430361994,
      "recall@5": 0.6695383780868435,
      "hit_rate@5": 0.8778586278586279,
      "ndcg@5": 0.7253936660054927,
      "map@5": 0.6749621737121737,
      "days_mae": 6.596266399735149,
      "days_rmse": 11.729705702110897,
      "days_median_ae": 2.966933027523347,
      "days_pct_within_3_days": 0.5038406827880512,
      "days_pct_within_7_days": 0.7536273115220483,
      "days_evaluated_rows": 3515
    },
    {
      "split": "test",
      "precision_floor": 0.2,
      "gate": "pfloor=0.2",
      "tracks": 22818,
      "positive_tracks": 1924,
      "flagged_tracks": 6801,
      "precision@5": 0.02472609343500745,
      "recall@5": 0.4850824000362622,
      "hit_rate@5": 0.6595634095634095,
      "ndcg@5": 0.5418896111209045,
      "map@5": 0.5030731693231694,
      "days_mae": 6.263719196328114,
      "days_rmse": 11.38263871226469,
      "days_median_ae": 2.754597369537442,
      "days_pct_within_3_days": 0.5189649060616802,
      "days_pct_within_7_days": 0.772775611485289,
      "days_evaluated_rows": 2821
    },
    {
      "split": "test",
      "precision_floor": 0.25,
      "gate": "pfloor=0.25",
      "tracks": 22818,
      "positive_tracks": 1924,
      "flagged_tracks": 4968,
      "precision@5": 0.021623279866771847,
      "recall@5": 0.3980995383148749,
      "hit_rate@5": 0.5597713097713097,
      "ndcg@5": 0.45192413989849906,
      "map@5": 0.41679414991915,
      "days_mae": 5.947557673542544,
      "days_rmse": 10.931147215036681,
      "days_median_ae": 2.6508775405951583,
      "days_pct_within_3_days": 0.5301986218078638,
      "days_pct_within_7_days": 0.7855695176327523,
      "days_evaluated_rows": 2467
    },
    {
      "split": "validation",
      "precision_floor": NaN,
      "gate": "none (recommended)",
      "tracks": 24887,
      "positive_tracks": 2003,
      "flagged_tracks": 24887,
      "precision@5": 0.02890665809458754,
      "recall@5": 0.6577735355728008,
      "hit_rate@5": 0.8637044433349975,
      "ndcg@5": 0.6994281900314789,
      "map@5": 0.6437123481444501,
      "days_mae": 6.853401758273966,
      "days_rmse": 12.425807403089681,
      "days_median_ae": 2.7577725098274852,
      "days_pct_within_3_days": 0.526827912149013,
      "days_pct_within_7_days": 0.7536836252432583,
      "days_evaluated_rows": 3597
    },
    {
      "split": "validation",
      "precision_floor": 0.2,
      "gate": "pfloor=0.2",
      "tracks": 24887,
      "positive_tracks": 2003,
      "flagged_tracks": 7387,
      "precision@5": 0.024157190501064813,
      "recall@5": 0.4966894267848512,
      "hit_rate@5": 0.6769845232151772,
      "ndcg@5": 0.5435970367575291,
      "map@5": 0.4982380595773007,
      "days_mae": 6.595473667773148,
      "days_rmse": 12.224089297513597,
      "days_median_ae": 2.5562305456504246,
      "days_pct_within_3_days": 0.5475715236194278,
      "days_pct_within_7_days": 0.7644710578842315,
      "days_evaluated_rows": 3006
    },
    {
      "split": "validation",
      "precision_floor": 0.25,
      "gate": "pfloor=0.25",
      "tracks": 24887,
      "positive_tracks": 2003,
      "flagged_tracks": 5426,
      "precision@5": 0.02183469281150802,
      "recall@5": 0.431220207335593,
      "hit_rate@5": 0.5991013479780329,
      "ndcg@5": 0.4774841689444164,
      "map@5": 0.4364988628168858,
      "days_mae": 6.235664277209596,
      "days_rmse": 11.660695777344186,
      "days_median_ae": 2.395296211126709,
      "days_pct_within_3_days": 0.5656974604343026,
      "days_pct_within_7_days": 0.7732793522267206,
      "days_evaluated_rows": 2717
    }
  ],
  "ablation": [
    {
      "configuration": "no_gate (standalone ranker)",
      "recall@5": 0.6695383780868435,
      "ndcg@5": 0.7253936660054927,
      "hit_rate@5": 0.8778586278586279,
      "tracks_scored": 22818,
      "rows_to_rank": 1365875,
      "recall_cost_vs_no_gate": 0.0
    },
    {
      "configuration": "gate (pfloor=0.20, threshold=0.082)",
      "recall@5": 0.48508240003626224,
      "ndcg@5": 0.5418896111209045,
      "hit_rate@5": 0.6595634095634095,
      "tracks_scored": 6801,
      "rows_to_rank": 442065,
      "recall_cost_vs_no_gate": 0.18445597805058123
    },
    {
      "configuration": "gate (pfloor=0.25, threshold=0.111)",
      "recall@5": 0.398099538314875,
      "ndcg@5": 0.4519241398984991,
      "hit_rate@5": 0.5597713097713097,
      "tracks_scored": 4968,
      "rows_to_rank": 322920,
      "recall_cost_vs_no_gate": 0.2714388397719685
    }
  ],
  "bootstrap_ci": [
    {
      "metric": "recall@5",
      "mean": 0.6696525842927601,
      "ci_lower": 0.6522713402050441,
      "ci_upper": 0.6874260831840209
    },
    {
      "metric": "ndcg@5",
      "mean": 0.7254808943873287,
      "ci_lower": 0.7101945281857459,
      "ci_upper": 0.7413600390495143
    },
    {
      "metric": "map@5",