{
  "config": {
    "ranker_n_trials": 50,
    "classifier_n_trials": 30,
    "regressor_n_trials": 30,
    "time_blocks": 5,
    "top_k": 5,
    "primary_precision_floor": 0.2
  },
  "stage1": {
    "best_params": {
      "learning_rate": 0.0417958487378691,
      "max_depth": 6,
      "min_child_weight": 2.0213721874313206,
      "scale_pos_weight": 0.984050482818764,
      "max_delta_step": 2,
      "subsample": 0.9236540120112356,
      "colsample_bytree": 0.8602197737269746,
      "reg_alpha": 0.0013762518295260368,
      "reg_lambda": 0.11494341091410153
    },
    "best_cv_avg_precision": 0.8503330857798632,
    "calibration_method": "isotonic",
    "raw_brier_val": 0.7372850179672241,
    "calibrated_brier_val": 0.060830824077129364,
    "calibrated_brier_test": 0.06743671745061874,
    "threshold_map": {
      "0.2": 0.08267716318368912,
      "0.25": 0.11338797956705093
    }
  },
  "stage2": {
    "best_params": {
      "learning_rate": 0.013943831099022032,
      "max_depth": 12,
      "min_child_weight": 3.773731856544762,
      "subsample": 0.8054548741291244,
      "colsample_bytree": 0.5001366308296893,
      "gamma": 0.6069361723990586,
      "reg_alpha": 0.3850425063007627,
      "reg_lambda": 1.201965393975696
    },
    "best_cv_ndcg": 0.9513115888309223,
    "final_n_estimators": 157,
    "n_trials_completed": 34
  },
  "stage3": {
    "best_params": {
      "learning_rate": 0.0662992795769941,
      "max_depth": 8,
      "min_child_weight": 2.47208704100295,
      "subsample": 0.8571389722362222,
      "colsample_bytree": 0.6601698676289585,
      "reg_alpha": 0.004545237612281544,
      "reg_lambda": 8.599443785737227
    },
    "target_transform": "log1p",
    "best_cv_mae": 8.47777920915771,
    "final_n_estimators": 222
  },
  "standalone_test_results": {
    "binary": {
      "roc_auc": 0.8688489710012609,
      "average_precision": 0.057961160931999614,
      "log_loss": 0.26787918353344203
    },
    "candidate_stats": {
      "tracks": 22818,
      "positive_tracks": 1924,
      "avg_candidates_per_track": 59.85954071347182,
      "avg_future_countries_per_track": 0.43027434481549653,
      "avg_future_countries_per_positive_track": 5.102910602910603
    },
    "ranking_all_tracks": {
      "tracks": 22818,
      "positive_tracks": 1924,
      "precision@5": 0.030809010430361994,
      "recall@5": 0.6695383780868435,
      "hit_rate@5": 0.8778586278586279,
      "ndcg@5": 0.7253936660054927,
      "map@5": 0.6749621737121737,
      "mean_future_countries_per_track": 0.43027434481549653
    },
    "ranking_positive_tracks": {
      "tracks": 1924,
      "avg_future_countries_per_positive_track": 5.102910602910603,
      "avg_top_5_hits_per_positive_track": 1.8269230769230769,
      "recall@5": 0.6695383780868435,
      "hit_rate@5": 0.8778586278586279,
      "ndcg@5": 0.7253936660054927,
      "map@5": 0.6749621737121737
    }
  },
  "pipeline_summary_rows": [
    {
      "split": "test",
      "precision_floor": NaN,
      "gate": "none (recommended)",
      "tracks": 22818,
      "positive_tracks": 1924,
      "flagged_tracks": 22818,
      "precision@5": 0.030809010430361994,
      "recall@5": 0.6695383780868435,
      "hit_rate@5": 0.8778586278586279,
      "ndcg@5": 0.7253936660054927,
      "map@5": 0.6749621737121737,
      "days_mae": 6.596266399735149,
      "days_rmse": 11.729705702110897,
      "days_median_ae": 2.966933027523347,
      "days_pct_within_3_days": 0.5038406827880512,
      "days_pct_within_7_days": 0.7536273115220483,
      "days_evaluated_rows": 3515
    },
    {
      "split": "test",
      "precision_floor": 0.2,
      "gate": "pfloor=0.2",
      "tracks": 22818,
      "positive_tracks": 1924,
      "flagged_tracks": 6864,
      "precision@5": 0.024778683495486023,
      "recall@5": 0.48747042045312877,
      "hit_rate@5": 0.6621621621621622,
      "ndcg@5": 0.54415952283431,
      "map@5": 0.5051651651651652,
      "days_mae": 6.237827047987446,
      "days_rmse": 11.372277772865836,
      "days_median_ae": 2.7123890904035726,
      "days_pct_within_3_days": 0.5210470463388751,
      "days_pct_within_7_days": 0.7746727980191015,
      "days_evaluated_rows": 2827
    },
    {
      "split": "test",
      "precision_floor": 0.25,
      "gate": "pfloor=0.25",
      "tracks": 22818,
      "positive_tracks": 1924,
      "flagged_tracks": 5042,
      "precision@5": 0.021763520028048034,
      "recall@5": 0.400047730166913,
      "hit_rate@5": 0.5628898128898129,
      "ndcg@5": 0.4551241701348783,
      "map@5": 0.41994470431970427,
      "days_mae": 5.908221838786675,
      "days_rmse": 10.899600930748123,
      "days_median_ae": 2.632108097472546,
      "days_pct_within_3_days": 0.5328231977446637,
      "days_pct_within_7_days": 0.7885622231171969,
      "days_evaluated_rows": 2483
    },
    {
      "split": "validation",
      "precision_floor": NaN,
      "gate": "none (recommended)",
      "tracks": 24887,
      "positive_tracks": 2003,
      "flagged_tracks": 24887,
      "precision@5": 0.02890665809458754,
      "recall@5": 0.6577735355728008,
      "hit_rate@5": 0.8637044433349975,
      "ndcg@5": 0.6994281900314789,
      "map@5": 0.6437123481444501,
      "days_mae": 6.853401758273966,
      "days_rmse": 12.425807403089681,
      "days_median_ae": 2.7577725098274852,
      "days_pct_within_3_days": 0.526827912149013,
      "days_pct_within_7_days": 0.7536836252432583,
      "days_evaluated_rows": 3597
    },
    {
      "split": "validation",
      "precision_floor": 0.2,
      "gate": "pfloor=0.2",
      "tracks": 24887,
      "positive_tracks": 2003,
      "flagged_tracks": 7400,
      "precision@5": 0.02430988066058585,
      "recall@5": 0.49910866328314146,
      "hit_rate@5": 0.6804792810783824,
      "ndcg@5": 0.5478605618266543,
      "map@5": 0.5027232761968159,
      "days_mae": 6.612666788533346,
      "days_rmse": 12.188751116981706,
      "days_median_ae": 2.578174934694502,
      "days_pct_within_3_days": 0.5464462809917355,
      "days_pct_within_7_days": 0.7626446280991735,
      "days_evaluated_rows": 3025
    },
    {
      "split": "validation",
      "precision_floor": 0.25,
      "gate": "pfloor=0.25",
      "tracks": 24887,
      "positive_tracks": 2003,
      "flagged_tracks": 5439,
      "precision@5": 0.022115964157994134,
      "recall@5": 0.43455435259300407,
      "hit_rate@5": 0.6045931103344983,
      "ndcg@5": 0.4834045395933162,
      "map@5": 0.44247184778387977,
      "days_mae": 6.283722254211985,
      "days_rmse": 11.642808688172465,
      "days_median_ae": 2.4299780441647894,
      "days_pct_within_3_days": 0.5606831395348837,
      "days_pct_within_7_days": 0.7696220930232558,
      "days_evaluated_rows": 2752
    }
  ],
  "ablation": [
    {
      "configuration": "no_gate (standalone ranker)",
      "recall@5": 0.6695383780868435,
      "ndcg@5": 0.7253936660054927,
      "hit_rate@5": 0.8778586278586279,
      "tracks_scored": 22818,
      "rows_to_rank": 1365875,
      "recall_cost_vs_no_gate": 0.0
    },
    {
      "configuration": "gate (pfloor=0.20, threshold=0.083)",
      "recall@5": 0.48747042045312877,
      "ndcg@5": 0.5441595228343099,
      "hit_rate@5": 0.6621621621621622,
      "tracks_scored": 6864,
      "rows_to_rank": 446160,
      "recall_cost_vs_no_gate": 0.1820679576337147
    },
    {
      "configuration": "gate (pfloor=0.25, threshold=0.113)",
      "recall@5": 0.4000477301669129,
      "ndcg@5": 0.4551241701348783,
      "hit_rate@5": 0.5628898128898129,
      "tracks_scored": 5042,
      "rows_to_rank": 327730,
      "recall_cost_vs_no_gate": 0.26949064791993055
    }
  ],
  "bootstrap_ci": [
    {
      "metric": "recall@5",
      "mean": 0.6696525842927601,
      "ci_lower": 0.6522713402050441,
      "ci_upper": 0.6874260831840209
    },
    {
      "metric": "ndcg@5",
      "mean": 0.7254808943873287,
      "ci_lower": 0.7101945281857459,
      "ci_upper": 0.7413600390495143
    },
    {
      "metric": "map@5",