{
  "config": {
    "ranker_n_trials": 50,
    "classifier_n_trials": 30,
    "regressor_n_trials": 30,
    "time_blocks": 5,
    "top_k": 5,
    "primary_precision_floor": 0.2
  },
  "stage1": {
    "best_params": {
      "learning_rate": 0.0417958487378691,
      "max_depth": 6,
      "min_child_weight": 2.0213721874313206,
      "scale_pos_weight": 0.984050482818764,
      "max_delta_step": 2,
      "subsample": 0.9236540120112356,
      "colsample_bytree": 0.8602197737269746,
      "reg_alpha": 0.0013762518295260368,
      "reg_lambda": 0.11494341091410153
    },
    "best_cv_avg_precision": 0.8503330857798632,
    "calibration_method": "isotonic",
    "raw_brier_val": 0.7374193072319031,
    "calibrated_brier_val": 0.061064835637807846,
    "calibrated_brier_test": 0.06743563711643219,
    "threshold_map": {
      "0.2": 0.07794871926307678,
      "0.25": 0.1111111119389534
    }
  },
  "stage2": {
    "best_params": {
      "learning_rate": 0.013943831099022032,
      "max_depth": 12,
      "min_child_weight": 3.773731856544762,
      "subsample": 0.8054548741291244,
      "colsample_bytree": 0.5001366308296893,
      "gamma": 0.6069361723990586,
      "reg_alpha": 0.3850425063007627,
      "reg_lambda": 1.201965393975696
    },
    "best_cv_ndcg": 0.9513115888309223,
    "final_n_estimators": 157,
    "n_trials_completed": 34
  },
  "stage3": {
    "best_params": {
      "learning_rate": 0.0662992795769941,
      "max_depth": 8,
      "min_child_weight": 2.47208704100295,
      "subsample": 0.8571389722362222,
      "colsample_bytree": 0.6601698676289585,
      "reg_alpha": 0.004545237612281544,
      "reg_lambda": 8.599443785737227
    },
    "target_transform": "log1p",
    "best_cv_mae": 8.47777920915771,
    "final_n_estimators": 222
  },
  "standalone_test_results": {
    "binary": {
      "roc_auc": 0.8688489710012609,
      "average_precision": 0.057961160931999614,
      "log_loss": 0.26787918353344203
    },
    "candidate_stats": {
      "tracks": 22818,
      "positive_tracks": 1924,
      "avg_candidates_per_track": 59.85954071347182,
      "avg_future_countries_per_track": 0.43027434481549653,
      "avg_future_countries_per_positive_track": 5.102910602910603
    },
    "ranking_all_tracks": {
      "tracks": 22818,
      "positive_tracks": 1924,
      "precision@5": 0.030809010430361994,
      "recall@5": 0.6695383780868435,
      "hit_rate@5": 0.8778586278586279,
      "ndcg@5": 0.7253936660054927,
      "map@5": 0.6749621737121737,
      "mean_future_countries_per_track": 0.43027434481549653
    },
    "ranking_positive_tracks": {
      "tracks": 1924,
      "avg_future_countries_per_positive_track": 5.102910602910603,
      "avg_top_5_hits_per_positive_track": 1.8269230769230769,
      "recall@5": 0.6695383780868435,
      "hit_rate@5": 0.8778586278586279,
      "ndcg@5": 0.7253936660054927,
      "map@5": 0.6749621737121737
    }
  },
  "pipeline_summary_rows": [
    {
      "split": "test",
      "precision_floor": NaN,
      "gate": "none (recommended)",
      "tracks": 22818,
      "positive_tracks": 1924,
      "flagged_tracks": 22818,
      "precision@5": 0.030809010430361994,
      "recall@5": 0.6695383780868435,
      "hit_rate@5": 0.8778586278586279,
      "ndcg@5": 0.7253936660054927,
      "map@5": 0.6749621737121737,
      "days_mae": 6.596266399735149,
      "days_rmse": 11.729705702110897,
      "days_median_ae": 2.966933027523347,
      "days_pct_within_3_days": 0.5038406827880512,
      "days_pct_within_7_days": 0.7536273115220483,
      "days_evaluated_rows": 3515
    },
    {
      "split": "test",
      "precision_floor": 0.2,
      "gate": "pfloor=0.2",
      "tracks": 22818,
      "positive_tracks": 1924,
      "flagged_tracks": 6815,
      "precision@5": 0.024691033394688405,
      "recall@5": 0.48621935429821644,
      "hit_rate@5": 0.66008316008316,
      "ndcg@5": 0.5425628834198759,
      "map@5": 0.5037358512358513,
      "days_mae": 6.237993102184833,
      "days_rmse": 11.370329960940358,
      "days_median_ae": 2.7158894942701064,
      "days_pct_within_3_days": 0.5207667731629393,
      "days_pct_within_7_days": 0.7749378771742989,
      "days_evaluated_rows": 2817
    },
    {
      "split": "test",
      "precision_floor": 0.25,
      "gate": "pfloor=0.25",
      "tracks": 22818,
      "positive_tracks": 1924,
      "flagged_tracks": 4995,
      "precision@5": 0.021658339907090894,
      "recall@5": 0.3988456970799017,
      "hit_rate@5": 0.5608108108108109,
      "ndcg@5": 0.4531171627172211,
      "map@5": 0.41797658235158236,
      "days_mae": 5.90446478518015,
      "days_rmse": 10.900191595977013,
      "days_median_ae": 2.620768209144359,
      "days_pct_within_3_days": 0.5337919870497774,
      "days_pct_within_7_days": 0.7883447996762445,
      "days_evaluated_rows": 2471
    },
    {
      "split": "validation",
      "precision_floor": NaN,
      "gate": "none (recommended)",
      "tracks": 24887,
      "positive_tracks": 2003,
      "flagged_tracks": 24887,
      "precision@5": 0.02890665809458754,
      "recall@5": 0.6577735355728008,
      "hit_rate@5": 0.8637044433349975,
      "ndcg@5": 0.6994281900314789,
      "map@5": 0.6437123481444501,
      "days_mae": 6.853401758273966,
      "days_rmse": 12.425807403089681,
      "days_median_ae": 2.7577725098274852,
      "days_pct_within_3_days": 0.526827912149013,
      "days_pct_within_7_days": 0.7536836252432583,
      "days_evaluated_rows": 3597
    },
    {
      "split": "validation",
      "precision_floor": 0.2,
      "gate": "pfloor=0.2",
      "tracks": 24887,
      "positive_tracks": 2003,
      "flagged_tracks": 7494,
      "precision@5": 0.02415719050106481,
      "recall@5": 0.5023304476676645,
      "hit_rate@5": 0.6814777833250125,
      "ndcg@5": 0.5477255625994781,
      "map@5": 0.5022323459255561,
      "days_mae": 6.567388467799435,
      "days_rmse": 12.145581738464584,
      "days_median_ae": 2.5749757739293626,
      "days_pct_within_3_days": 0.5469061876247505,
      "days_pct_within_7_days": 0.7648037258815702,
      "days_evaluated_rows": 3006
    },
    {
      "split": "validation",
      "precision_floor": 0.25,
      "gate": "pfloor=0.25",
      "tracks": 24887,
      "positive_tracks": 2003,
      "flagged_tracks": 5563,
      "precision@5": 0.022011491943585003,
      "recall@5": 0.44002171185193045,
      "hit_rate@5": 0.6075886170743884,
      "ndcg@5": 0.4851433824580884,
      "map@5": 0.44384312420258504,
      "days_mae": 6.242178128783547,
      "days_rmse": 11.599250046660522,
      "days_median_ae": 2.427310935890148,
      "days_pct_within_3_days": 0.561153705732019,
      "days_pct_within_7_days": 0.7718145308506754,
      "days_evaluated_rows": 2739
    }
  ],
  "ablation": [
    {
      "configuration": "no_gate (standalone ranker)",
      "recall@5": 0.6695383780868435,
      "ndcg@5": 0.7253936660054927,
      "hit_rate@5": 0.8778586278586279,
      "tracks_scored": 22818,
      "rows_to_rank": 1365875,
      "recall_cost_vs_no_gate": 0.0
    },
    {
      "configuration": "gate (pfloor=0.20, threshold=0.078)",
      "recall@5": 0.4862193542982165,
      "ndcg@5": 0.5425628834198759,
      "hit_rate@5": 0.66008316008316,
      "tracks_scored": 6815,
      "rows_to_rank": 442975,
      "recall_cost_vs_no_gate": 0.18331902378862697
    },
    {
      "configuration": "gate (pfloor=0.25, threshold=0.111)",
      "recall@5": 0.39884569707990164,
      "ndcg@5": 0.4531171627172211,
      "hit_rate@5": 0.5608108108108109,
      "tracks_scored": 4995,
      "rows_to_rank": 324675,
      "recall_cost_vs_no_gate": 0.2706926810069418
    }
  ],
  "bootstrap_ci": [
    {
      "metric": "recall@5",
      "mean": 0.6696525842927601,
      "ci_lower": 0.6522713402050441,
      "ci_upper": 0.6874260831840209
    },
    {
      "metric": "ndcg@5",
      "mean": 0.7254808943873287,
      "ci_lower": 0.7101945281857459,
      "ci_upper": 0.7413600390495143
    },
    {
      "metric": "map@5",