{
  "validation": {
    "threshold_0_5": {
      "roc_auc": 0.8333815641536138,
      "average_precision": 0.36446500275421,
      "log_loss": 3.4215933352377066,
      "brier_score": 0.8575975894927979,
      "precision": 0.08140524645980035,
      "recall": 1.0,
      "f1": 0.1505545617173524,
      "f2.0": 0.3070457066137412,
      "positive_rate": 0.08136746848170778,
      "predicted_positive_rate": 0.9995359269858458,
      "flagged_per_1000_tracks": 999.5359269858458
    },
    "precision_floor_0.25": {
      "roc_auc": 0.8333815641536138,
      "average_precision": 0.36446500275421,
      "log_loss": 3.4215933352377066,
      "brier_score": 0.8575975894927979,
      "precision": 0.25008582217645037,
      "recall": 0.6924904942965779,
      "f1": 0.3674653215636822,
      "f2.0": 0.5115152366240696,
      "positive_rate": 0.08136746848170778,
      "predicted_positive_rate": 0.2253074483718772,
      "flagged_per_1000_tracks": 225.3074483718772
    }
  },
  "test": {
    "threshold_0_5": {
      "roc_auc": 0.8151798446815456,
      "average_precision": 0.31158788855538966,
      "log_loss": 3.399065299504905,
      "brier_score": 0.8545509576797485,
      "precision": 0.08348932983901161,
      "recall": 1.0,
      "f1": 0.15411195577055978,
      "f2.0": 0.3129385349424642,
      "positive_rate": 0.08346155445585728,
      "predicted_positive_rate": 0.9996673181685866,
      "flagged_per_1000_tracks": 999.6673181685866
    },
    "precision_floor_0.25": {
      "roc_auc": 0.8151798446815456,
      "average_precision": 0.31158788855538966,
      "log_loss": 3.399065299504905,
      "brier_score": 0.8545509576797485,
      "precision": 0.23997762446391946,
      "recall": 0.6412556053811659,
      "f1": 0.3492537313432836,
      "f2.0": 0.48054663580016427,
      "positive_rate": 0.08346155445585728,
      "predicted_positive_rate": 0.22302158273381295,
      "flagged_per_1000_tracks": 223.02158273381295
    }
  }
}